date,actual_sales,predicted_sales,error,abs_error,ape
2019-04-01,4587.915645294,4736.855,-148.93933517475034,148.93933517475034,3.246339878273985
2019-04-01,5088.284687782,5050.7646,37.52003934450022,37.52003934450022,0.7373808984114709
2019-04-01,13049.274921417751,13050.296,-1.0209770197488979,1.0209770197488979,0.007824013409918815
2019-04-01,4968.406264097,5394.3506,-425.9443218405004,425.9443218405004,8.573057419206743
2019-04-01,6767.795461199,6723.302,44.493703386499874,44.493703386499874,0.6574327436694911
2019-04-01,221.356175482,194.82707,26.52910333844531,26.52910333844531,11.984803803498393
2019-04-01,235.927887323,269.0237,-33.09582483520313,33.09582483520313,14.027940999570298
2019-04-01,13049.274921417751,13043.974,5.301288605251102,5.301288605251102,0.04062515838753697
2019-04-01,6391.411984667,6428.913,-37.50110127049993,37.50110127049993,0.586742043236535
2019-04-01,502.938747645,549.09656,-46.15780997218752,46.15780997218752,9.177620572747774
2019-04-01,6400.026285097,5739.456,660.5702304095003,660.5702304095003,10.321367459813308
2019-04-01,1216.20023813,1190.2135,25.98673715343739,25.98673715343739,2.1367153482385404
2019-04-01,3957.595835845,4664.351,-706.7552383737502,706.7552383737502,17.858196432603847
2019-04-01,500.135991907,456.1274,44.00858101832813,44.00858101832813,8.799322930254437
2019-04-01,3129.087155562,3278.324,-149.23681904737487,149.23681904737487,4.769340437900688
2019-04-01,921.96562183,800.11847,121.84715259171878,121.84715259171878,13.216019090805753
2019-04-01,13049.274921417751,13046.073,3.201679230251102,3.201679230251102,0.02453530368186352
2019-04-01,1477.591413777,1490.1664,-12.57496805893743,12.57496805893743,0.8510450143178255
2019-04-01,758.315538037,741.33276,16.98277436512501,16.98277436512501,2.2395392832233356
2019-04-01,4921.168277413,4977.245,-56.076839774499604,56.076839774499604,1.1395025858367624
2019-04-01,3843.647345474,4067.722,-224.07457835412515,224.07457835412515,5.829738220338531
2019-04-01,13049.274921417751,13043.974,5.301288605251102,5.301288605251102,0.04062515838753697
2019-04-01,441.314438225,431.80026,9.514175773828129,9.514175773828129,2.155872310023407
2019-04-01,6990.865020521,7277.1963,-286.3312685415003,286.3312685415003,4.095791689597824
2019-04-01,1442.750236273,1361.6753,81.07494330424993,81.07494330424993,5.619471843836785
2019-04-01,13049.274921417751,13043.974,5.301288605251102,5.301288605251102,0.04062515838753697
2019-04-01,551.815171754,605.09656,-53.28138586318755,53.28138586318755,9.655658015677119
2019-04-01,1993.963421699,1935.2152,58.74821173806254,58.74821173806254,2.946303382436416
2019-04-01,4030.105296193,4926.772,-896.66667646325,896.66667646325,22.24921213126311
2019-04-01,2555.077477645,2865.0874,-310.0099246987502,310.0099246987502,12.133092926187294
2019-04-01,7007.136822365,7507.835,-500.6981385725003,500.6981385725003,7.145545338495447
2019-04-01,8223.337060495,8585.995,-362.6580566925004,362.6580566925004,4.410108135232759
2019-04-01,1265.634256121,1238.112,27.522195574124908,27.522195574124908,2.174577326824004
2019-04-01,1015.25778948,1123.009,-107.75124372312496,107.75124372312496,10.613190545261766
2019-04-01,3031.399675108,3112.9004,-81.50071551700012,81.50071551700012,2.688550644978758
2019-04-01,2490.054070015,2269.0925,220.96154071812498,220.96154071812498,8.873764765951202
2019-04-01,359.517788105,357.01733,2.5004541206250224,2.5004541206250224,0.6955021985990704
2019-04-01,3893.972658467,3917.9517,-23.9790016892498,23.9790016892498,0.6157978956814242
2019-04-01,3570.67745534,3525.7817,44.89571705875005,44.89571705875005,1.25734451291891
2019-04-01,230.660185907,216.60959,14.050597283953124,14.050597283953124,6.091470545167336
2019-04-01,5271.741353651,5146.4253,125.31606068225028,125.31606068225028,2.3771283960177847
2019-04-01,8304.517106966,8653.819,-349.3022289715009,349.3022289715009,4.206171466351717
2019-04-01,1132.21641217,1299.1141,-166.8977235721875,166.8977235721875,14.740797057720812
2019-04-01,1702.352643628,1771.5594,-69.2068046141876,69.2068046141876,4.065362419075302
2019-04-01,163.568171296,165.37273,-1.8045551444296848,1.8045551444296848,1.103243455087655
2019-04-01,5874.920410195,6159.997,-285.07666011750007,285.07666011750007,4.852434419754767
2019-04-01,7647.906822914,7411.8325,236.07430338275026,236.07430338275026,3.0867832055098363
2019-04-01,480.491489719,497.19452,-16.703029323968735,16.703029323968735,3.476238327079834
2019-04-01,13049.274921417751,13043.974,5.301288605251102,5.301288605251102,0.04062515838753697
2019-04-01,211.957157656,267.72202,-55.76485772485938,55.76485772485938,26.30949496660266
2019-04-01,5401.633917573,5420.8076,-19.173699614500038,19.173699614500038,0.3549611081958502
2019-04-01,721.492167389,646.1918,75.30039492806247,75.30039492806247,10.436758475225897
2019-04-01,10570.878108308,10746.361,-175.48321981700064,175.48321981700064,1.6600628445340093
2019-04-01,521.041224756,566.95825,-45.91702719712498,45.91702719712498,8.812551678348985
2019-04-01,566.905913597,609.35236,-42.446442360031256,42.446442360031256,7.4873874732951595
2019-04-01,11712.187602841,11079.151,633.0362356535006,633.0362356535006,5.404935927596877
2019-04-01,13049.274921417751,13043.974,5.301288605251102,5.301288605251102,0.04062515838753697
2019-04-01,1864.579866196,1909.5244,-44.94454786649999,44.94454786649999,2.4104383341965963
2019-04-01,243.963811274,269.48654,-25.52273047404688,25.52273047404688,10.461687059554032
2019-04-01,459.540555948,303.11523,156.42532157300002,156.42532157300002,34.0395030532845
2019-04-01,1825.959858677,1823.4086,2.5512893410625566,2.5512893410625566,0.13972318881703644
2019-04-01,13049.274921417751,13046.264,3.011249542751102,3.011249542751102,0.023075991278325693
2019-04-01,1143.321797312,1033.6603,109.66151899168744,109.66151899168744,9.591483277018467
2019-04-01,5884.989685112,5500.0825,384.9071655807502,384.9071655807502,6.540490063296089
2019-04-01,894.493896895,874.0837,20.410217695781284,20.410217695781284,2.2817615376281473
2019-04-01,2191.620014838,2022.7262,168.89381854893736,168.89381854893736,7.7063458722529345
2019-04-01,3276.741431877,3408.2463,-131.5049060136248,131.5049060136248,4.013282974796565
2019-04-01,1455.541599296,1849.58,-394.03835675868754,394.03835675868754,27.07159705701792
2019-04-01,4651.515408063,4131.7993,519.71609165675,519.71609165675,11.173048911240132
2019-04-01,168.582647688,181.49146,-12.908807390124991,12.908807390124991,7.657257474099964
2019-04-01,2376.165469263,2359.6733,16.492129419249977,16.492129419249977,0.694064855018924
2019-04-01,2789.00168796,2561.4639,227.5378207724998,227.5378207724998,8.158396667695497
2019-04-01,4245.413316802,4121.192,124.22142227074983,124.22142227074983,2.926014807065329
2019-04-01,13049.274921417751,13043.974,5.301288605251102,5.301288605251102,0.04062515838753697
2019-04-01,3048.717341098,3178.4214,-129.7040456207501,129.7040456207501,4.254380813605928
2019-04-01,1415.535121652,1497.7354,-82.20022991049996,82.20022991049996,5.807007445676671
2019-04-01,2673.194790204,2666.796,6.398891766500128,6.398891766500128,0.2393724464056661
2019-04-01,539.277780232,503.92035,35.357431110906305,35.357431110906305,6.556441301122281
2019-04-01,13049.274921417751,12993.443,55.8315620427511,55.8315620427511,0.42785183375296093
2019-04-01,607.569610239,665.8637,-58.294098257093765,58.294098257093765,9.594636939487902
2019-04-01,1582.163703077,1629.2489,-47.08519829018746,47.08519829018746,2.9760004099838677
2019-04-01,7457.343795443,7431.8228,25.52104153675009,25.52104153675009,0.3422269676281436
2019-04-01,3793.100048675,3610.7258,182.37421859687493,182.37421859687493,4.808051890447277
2019-04-01,4344.915220428,4413.2383,-68.32306082200012,68.32306082200012,1.5724831752935768
2019-04-01,440.382987227,488.42386,-48.040871415578124,48.040871415578124,10.908884495761631
2019-04-01,2397.891906347,2338.8223,59.069640721999804,59.069640721999804,2.463398811499713
2019-04-01,353.076713312,326.23267,26.84404729637498,26.84404729637498,7.602893729401507
2019-04-01,599.86491416,644.6253,-44.76039101578124,44.76039101578124,7.461745129478009
2019-04-01,934.857207186,1144.8773,-210.02011214993752,210.02011214993752,22.46547499827444
2019-04-01,13049.274921417751,13043.974,5.301288605251102,5.301288605251102,0.04062515838753697
2019-04-01,1647.399325223,1729.2882,-81.8888827848125,81.8888827848125,4.97079739751184
2019-04-01,8217.371843344,9053.453,-836.0812816559992,836.0812816559992,10.174558211494563
2019-04-01,2542.060714193,3070.8254,-528.764725260125,528.764725260125,20.800633214930357
2019-04-01,230.909848902,210.41396,20.49589321352343,20.49589321352343,8.876145089082819
2019-04-01,3911.651775458,3799.792,111.85978327049997,111.85978327049997,2.859655963557818
2019-04-01,508.024461304,751.0679,-243.04340978975,243.04340978975,47.84088726080331
2019-04-01,1441.365355943,1494.1996,-52.83422901793756,52.83422901793756,3.6655681226201846
2019-04-01,2960.875956768,3185.181,-224.30495143512508,224.30495143512508,7.57562811513284
2019-04-01,2527.465792554,2534.1426,-6.676785570999982,6.676785570999982,0.2641691765194219
2019-04-01,385.994951348,382.9448,3.0501576468280973,3.0501576468280973,0.7902066169974794
2019-04-01,3955.148086828,4211.318,-256.16978426574997,256.16978426574997,6.4768696049304255
2019-04-01,838.946530346,915.4417,-76.49518107978122,76.49518107978122,9.118004343880285
2019-04-01,4784.375077725,5036.1294,-251.75431680625024,251.75431680625024,5.262010455207893
2019-04-01,10559.301751066,10802.627,-243.32520205900073,243.32520205900073,2.3043682981636184
2019-04-01,536.929208553,610.1417,-73.21251507981253,73.21251507981253,13.63541299552635
2019-04-01,429.342542206,467.03845,-37.69590994243748,37.69590994243748,8.779914924981009
2019-04-01,352.863811954,346.745,6.1188168368125275,6.1188168368125275,1.734044872136162
2019-04-01,977.839709808,986.7198,-8.880077789656298,8.880077789656298,0.9081322532299198
2019-04-01,1091.383222274,1027.7338,63.64945762556249,63.64945762556249,5.8319989098735485
2019-04-01,2867.323806652,2833.9438,33.3799589957498,33.3799589957498,1.1641503104152564
2019-04-01,267.701959635,226.98503,40.71692850707029,40.71692850707029,15.209798449957578
2019-04-01,13049.274921417751,13043.974,5.301288605251102,5.301288605251102,0.04062515838753697
2019-04-01,7141.569478079,6541.538,600.0313921415,600.0313921415,8.401954136038196
2019-04-01,234.125025808,240.6452,-6.520176828718746,6.520176828718746,2.784912380133928
2019-04-01,13049.274921417751,13043.974,5.301288605251102,5.301288605251102,0.04062515838753697
2019-04-01,744.957648094,757.8783,-12.920647804437522,12.920647804437522,1.734413739827418
2019-04-01,13049.274921417751,13043.974,5.301288605251102,5.301288605251102,0.04062515838753697
2019-04-01,2034.036252889,2368.5063,-334.47009476725,334.47009476725,16.443664378753944
2019-04-01,741.543192982,719.6826,21.86057579450005,21.86057579450005,2.9479841499982165
2019-04-01,6643.305223149,6326.5166,316.7886215865001,316.7886215865001,4.768539318088696
2019-04-01,13049.274921417751,12991.5205,57.7544136052511,57.7544136052511,0.44258714720201725
2019-04-01,339.858014098,359.69113,-19.833117493796863,19.833117493796863,5.835706874953336
2019-04-01,2261.946636904,2328.709,-66.76234747099988,66.76234747099988,2.9515438773736804
2019-04-01,1530.713626809,1521.4824,9.231204934000061,9.231204934000061,0.6030654442688852
2019-04-01,942.614244366,942.81976,-0.2055188175937701,0.2055188175937701,0.02180306724857543
2019-04-01,3467.384105524,3484.7207,-17.336597600999994,17.336597600999994,0.4999906867364509
2019-04-01,13049.274921417751,13043.974,5.301288605251102,5.301288605251102,0.04062515838753697
2019-04-01,1205.43746862,1110.2533,95.18417272156239,95.18417272156239,7.896234786075667
2019-04-01,5424.107025059,5626.075,-201.96817025349992,201.96817025349992,3.7235284871854653
2019-04-01,12941.432739404,13029.329,-87.89636215850078,87.89636215850078,0.6791857124974613
2019-04-01,323.325187126,339.99622,-16.671028694312497,16.671028694312497,5.156118161563388
2019-04-01,260.298136848,230.5558,29.74233545639845,29.74233545639845,11.426257527831005
2019-04-01,352.165089443,363.17062,-11.005534336296876,11.005534336296876,3.1251065668387854
2019-04-01,1218.056783018,1147.2731,70.78371172893753,70.78371172893753,5.811199667847629
2019-04-01,13049.274921417751,13043.974,5.301288605251102,5.301288605251102,0.04062515838753697
2019-04-01,4402.24131271,4691.8687,-289.6273396337501,289.6273396337501,6.579088220301508
2019-04-01,892.875051004,811.0006,81.87444065243756,81.87444065243756,9.169753434186925
2019-04-01,520.275158167,502.21948,18.055675745124972,18.055675745124972,3.4704089675812253
2019-04-01,698.929319863,820.8452,-121.91589498074995,121.91589498074995,17.443236607193295
2019-04-01,1402.5183582,1667.5668,-265.04841426093753,265.04841426093753,18.898035288543543
2019-04-01,6065.743119837,5886.5693,179.17378389950045,179.17378389950045,2.9538636958354285
2019-04-01,2586.072033585,2336.0745,249.9975706943751,249.9975706943751,9.66707684270536
2019-04-01,13049.274921417751,13043.974,5.301288605251102,5.301288605251102,0.04062515838753697
2019-04-01,13049.274921417751,13043.974,5.301288605251102,5.301288605251102,0.04062515838753697
2019-04-01,485.754652583,542.5125,-56.757859624031255,56.757859624031255,11.684470611289337
2019-04-01,122.155314836,138.1838,-16.028492537046873,16.028492537046873,13.121404139120738
2019-04-01,208.733396781,177.73854,30.994856131585948,30.994856131585948,14.84901630959673
2019-04-01,632.767558466,686.0618,-53.29427014728128,53.29427014728128,8.422408739866663
2019-04-01,3804.25947744,3583.6685,220.59102040874996,220.59102040874996,5.798527196078441
2019-05-01,753.930386081,699.3719,54.5584988739688,54.5584988739688,7.23654330442482
2019-05-01,216.287058273,220.84134,-4.554280838328111,4.554280838328111,2.1056649781512333
2019-05-01,223.340994979,212.2938,11.047202254390612,11.047202254390612,4.946338783629644
2019-05-01,1784.754576687,1605.226,179.52862453856255,179.52862453856255,10.059009058366867
2019-05-01,2164.264921064,2277.3276,-113.06271565474981,113.06271565474981,5.224070055119023
2019-05-01,13049.274921417751,13042.098,7.177265167751102,7.177265167751102,0.05500125647572242
2019-05-01,526.005796244,468.54437,57.4614236854062,57.4614236854062,10.924104657347044
2019-05-01,274.907589834,336.48843,-61.580844003890604,61.580844003890604,22.40056160001822
2019-05-01,5878.468845041,5930.8384,-52.36953386524965,52.36953386524965,0.8908703141197712
2019-05-01,5597.901697962,5655.808,-57.90640750674993,57.90640750674993,1.034430589015731
2019-05-01,137.67998528,163.248,-25.5680158186328,25.5680158186328,18.57061196413922
2019-05-01,5175.58000759,5577.9087,-402.3286838162503,402.3286838162503,7.773596065102546
2019-05-01,224.785086382,224.74118,0.043905962078127914,0.043905962078127914,0.019532417735006705
2019-05-01,546.231449574,512.6807,33.5507244763437,33.5507244763437,6.142217644646706
2019-05-01,1627.938936237,1683.2838,-55.34487723956249,55.34487723956249,3.3996900011183975
2019-05-01,3871.987249597,3844.9175,27.069769128249845,27.069769128249845,0.699118240409167
2019-05-01,1330.853593269,1520.5853,-189.73173387943757,189.73173387943757,14.256394154776714
2019-05-01,2439.172510898,2825.9753,-386.8028308988751,386.8028308988751,15.85795302180044
2019-05-01,2748.717784616,2997.541,-248.8232310090002,248.8232310090002,9.052338235726197
2019-05-01,9826.52280827,11120.972,-1294.4488714175004,1294.4488714175004,13.1730103992441
2019-05-01,7817.42867417,8048.114,-230.6850953612502,230.6850953612502,2.950907580691713
2019-05-01,2734.556556243,2906.2422,-171.68563125699984,171.68563125699984,6.278371930726431
2019-05-01,6720.119847277,6101.947,618.1730699332502,618.1730699332502,9.198839960923236
2019-05-01,240.019802252,249.91705,-9.897250970656245,9.897250970656245,4.123514342481204
2019-05-01,7744.586961515,8157.7007,-413.11372207874956,413.11372207874956,5.334225364523972
2019-05-01,394.394400396,460.11246,-65.71805687939064,65.71805687939064,16.663029904431973
2019-05-01,13049.274921417751,13042.098,7.177265167751102,7.177265167751102,0.05500125647572242
2019-05-01,13049.274921417751,13042.098,7.177265167751102,7.177265167751102,0.05500125647572242
2019-05-01,1834.376668671,1917.3289,-82.95218875087494,82.95218875087494,4.522091354932765
2019-05-01,862.100256788,833.9944,28.105872022375024,28.105872022375024,3.2601628176160684
2019-05-01,772.486314193,740.86957,31.61674632190625,31.61674632190625,4.092855205458959
2019-05-01,1369.663662389,1401.3135,-31.64981417350009,31.64981417350009,2.3107727132291536
2019-05-01,436.817526745,488.36334,-51.54581554015624,51.54581554015624,11.800308454712493
2019-05-01,192.550555867,211.21146,-18.66090043182811,18.66090043182811,9.691429010839995
2019-05-01,1193.398898979,1166.2916,27.107273002437523,27.107273002437523,2.2714343900961254
2019-05-01,13049.274921417751,13044.197,5.077655792751102,5.077655792751102,0.03891140177004897
2019-05-01,306.95952514,357.10254,-50.14301392250002,50.14301392250002,16.335382946540097
2019-05-01,13049.274921417751,13002.862,46.4126167302511,46.4126167302511,0.3556719971779747
2019-05-01,13049.274921417751,13042.098,7.177265167751102,7.177265167751102,0.05500125647572242
2019-05-01,331.298642191,315.02386,16.27477744490625,16.27477744490625,4.912418999750542
2019-05-01,465.803141008,572.51276,-106.70961533965624,106.70961533965624,22.908736748476226
2019-05-01,1572.606669761,1794.616,-222.00929703587508,222.00929703587508,14.117280646508728
2019-05-01,12671.107952768,13048.42,-377.31196910700055,377.31196910700055,2.977734626785946
2019-05-01,13049.274921417751,13042.098,7.177265167751102,7.177265167751102,0.05500125647572242
2019-05-01,6460.00195475,6914.3,-454.29784993750036,454.29784993750036,7.032472329260797
2019-05-01,323.9588894,350.88547,-26.9265781292969,26.9265781292969,8.311726892003879
2019-05-01,3331.374990059,3554.954,-223.57911150349992,223.57911150349992,6.711316263424918
2019-05-01,1114.95404177,1193.8088,-78.854796120625,78.854796120625,7.072470538376835
2019-05-01,2330.944866103,2364.5676,-33.622760850124905,33.622760850124905,1.442452000434367
2019-05-01,158.554272126,167.64348,-9.089206267554687,9.089206267554687,5.73255210703605
2019-05-01,3797.178131067,4337.2627,-540.0845642455001,540.0845642455001,14.223313882136402
2019-05-01,13049.274921417751,13042.098,7.177265167751102,7.177265167751102,0.05500125647572242
2019-05-01,3752.483385607,3524.3862,228.09715513824995,228.09715513824995,6.078565357894398
2019-05-01,1357.42671942,1687.5732,-330.1465227675001,330.1465227675001,24.32149876264148
2019-05-01,13049.274921417751,13044.388,4.887226105251102,4.887226105251102,0.037452089366511135
2019-05-01,2087.23267291,2052.6372,34.59546587875002,34.59546587875002,1.6574800848875821
2019-05-01,409.602157599,451.6755,-42.073348992796866,42.073348992796866,10.271759611673389
2019-05-01,5947.633533084,5549.4834,398.1501346465002,398.1501346465002,6.6942613802913495
2019-05-01,2884.139291823,3028.4575,-144.3182277082501,144.3182277082501,5.003857758098423
2019-05-01,986.027873823,1257.3434,-271.31550996606245,271.31550996606245,27.51600813414386
2019-05-01,766.32446723,893.1402,-126.81573052390627,126.81573052390627,16.54856864772981
2019-05-01,467.522101516,559.82367,-92.30156791759373,92.30156791759373,19.742717535340923
2019-05-01,13049.274921417751,13042.098,7.177265167751102,7.177265167751102,0.05500125647572242
2019-05-01,10836.731284098,11676.757,-840.0255518395006,840.0255518395006,7.751650657538849
2019-05-01,1852.272711503,1716.1136,136.15906404206248,136.15906404206248,7.350918857492543
2019-05-01,6171.980291754,6293.53,-121.54949340224994,121.54949340224994,1.9693759159381092
2019-05-01,665.329714953,588.24097,77.088748156125,77.088748156125,11.586548206639273
2019-05-01,337.516972627,347.90265,-10.385676298781277,10.385676298781277,3.077082677634347
2019-05-01,215.899551499,214.0185,1.8810578466562617,1.8810578466562617,0.8712652868410309
2019-05-01,1028.14722425,1075.5752,-47.42797106250009,47.42797106250009,4.612955221184131
2019-05-01,3642.831158659,4108.1045,-465.2733335285002,465.2733335285002,12.772300259443723
2019-05-01,3753.924395671,3883.2852,-129.36076057899982,129.36076057899982,3.446014009450424
2019-05-01,430.954937075,465.90872,-34.95378484882815,34.95378484882815,8.110774895878516
2019-05-01,322.945318369,320.2947,2.650610117046881,2.650610117046881,0.8207612763775296
2019-05-01,2559.830423156,2621.8533,-62.02284832837495,62.02284832837495,2.4229280098916606
2019-05-01,13049.274921417751,13042.098,7.177265167751102,7.177265167751102,0.05500125647572242
2019-05-01,1514.997421388,1460.8057,54.19175732550002,54.19175732550002,3.577019773132748
2019-05-01,4511.192949083,4886.8076,-375.6146681045002,375.6146681045002,8.326282478803133
2019-05-01,2790.607170016,3046.4414,-255.83423623399995,255.83423623399995,9.16769078008687
2019-05-01,3285.197173639,3343.066,-57.868744329749916,57.868744329749916,1.7614998817757088
2019-05-01,4922.313077926,4693.78,228.53329276975,228.53329276975,4.642802868322259
2019-05-01,840.533552328,841.48676,-0.9532030430937084,0.9532030430937084,0.11340452031375205
2019-05-01,250.672123869,213.23216,37.43996139341405,37.43996139341405,14.935829646929545
2019-05-01,4716.665054563,4980.1333,-263.46824621825,263.46824621825,5.5859011223060095
2019-05-01,10316.38099051,11260.773,-944.3924469899994,944.3924469899994,9.154299825285072
2019-05-01,1868.882138037,2158.391,-289.50897524425,289.50897524425,15.491023716901633
2019-05-01,4323.135847713,4552.547,-229.41102728700025,229.41102728700025,5.306588443394902
2019-05-01,563.356964469,611.13074,-47.77377283568751,47.77377283568751,8.480195657245021
2019-05-01,257.355104567,248.95169,8.403413893171887,8.403413893171887,3.265299092205935
2019-05-01,726.968937553,737.7676,-10.798640571999954,10.798640571999954,1.4854335603868456
2019-05-01,4269.941642263,4152.033,117.90843913800018,117.90843913800018,2.761359498944126
2019-05-01,114.014674189,121.85712,-7.842442510218746,7.842442510218746,6.878450134601512
2019-05-01,1091.205676197,1087.6221,3.5836058845000025,3.5836058845000025,0.3284079218676131
2019-05-01,1390.4676337,1492.6803,-102.21266415156242,102.21266415156242,7.350956014673786
2019-05-01,1184.562604819,1217.7324,-33.169817056000056,33.169817056000056,2.800174251749942
2019-05-01,13049.274921417751,13042.098,7.177265167751102,7.177265167751102,0.05500125647572242
2019-05-01,246.287620641,253.98286,-7.695243738882823,7.695243738882823,3.1244947345931604
2019-05-01,1358.00562017,1543.9774,-185.97179682218757,185.97179682218757,13.69447917298803
2019-05-01,2606.203097584,2418.366,187.8371307871248,187.8371307871248,7.207309781852897
2019-05-01,13049.274921417751,13042.098,7.177265167751102,7.177265167751102,0.05500125647572242
2019-05-01,6824.890081449,6349.7153,475.1747494177498,475.1747494177498,6.9623795218232285
2019-05-01,1599.881061058,1709.6261,-109.74503757481261,109.74503757481261,6.8595747675291765
2019-05-01,3710.491643251,4236.5576,-526.0659739365001,526.0659739365001,14.177797028416967
2019-05-01,6578.012746491,6921.012,-342.99946054024986,342.99946054024986,5.214332561505309
2019-05-01,13049.274921417751,13042.098,7.177265167751102,7.177265167751102,0.05500125647572242
2019-05-01,737.133250808,693.49786,43.63538703846871,43.63538703846871,5.919606392824946
2019-05-01,6659.340039406,7362.557,-703.21708950025,703.21708950025,10.55986156794864
2019-05-01,2450.178205014,2340.1926,109.98557806087501,109.98557806087501,4.488880761236164
2019-05-01,4271.225846389,4463.528,-192.30198564224975,192.30198564224975,4.5022668563599035
2019-05-01,1000.351235892,978.11487,22.236367727937477,22.236367727937477,2.2228560259746772
2019-05-01,1011.739159175,884.66925,127.0699086867188,127.0699086867188,12.559552285228841
2019-05-01,4945.569695648,5341.8545,-396.28479653950035,396.28479653950035,8.012925121411651
2019-05-01,415.318456239,430.8915,-15.573053770765625,15.573053770765625,3.749665717192189
2019-05-01,4860.447669691,5026.9785,-166.53084593400035,166.53084593400035,3.4262450138587224
2019-05-01,2340.827980862,2702.569,-361.741110934875,361.741110934875,15.45355378064412
2019-05-01,3881.490865783,4513.9062,-632.4153842169999,632.4153842169999,16.293105048681465
2019-05-01,6087.756830641,6078.1816,9.575190016000306,9.575190016000306,0.15728601326199987
2019-05-01,13049.274921417751,12992.526,56.7485542302511,56.7485542302511,0.43487898424999694
2019-05-01,503.258262212,491.3762,11.882072026453102,11.882072026453102,2.3610287040747524
2019-05-01,434.376746565,537.20496,-102.82820948968748,102.82820948968748,23.67258613699762
2019-05-01,918.521790875,858.1303,60.391480816406215,60.391480816406215,6.574855535966788
2019-05-01,620.364038147,751.0256,-130.66153558346878,130.66153558346878,21.062074451276867
2019-05-01,599.791711987,564.3866,35.405115307312485,35.405115307312485,5.902901724003793
2019-05-01,836.263589646,964.52954,-128.265951369625,128.265951369625,15.337981105206486
2019-05-01,2170.243131869,2214.1326,-43.88943649037492,43.88943649037492,2.0223280906124836
2019-05-01,6624.029775191,6912.0815,-288.0517677777498,288.0517677777498,4.348588058232935
2019-05-01,2501.754233736,2377.7546,123.99959506412506,123.99959506412506,4.956505854651837
2019-05-01,2320.024009551,2758.3672,-438.34317794900016,438.34317794900016,18.89390696580911
2019-05-01,7495.527945178,7948.4307,-452.90271888450025,452.90271888450025,6.042305788158128
2019-05-01,1404.091492776,1578.6145,-174.523009177125,174.523009177125,12.42960377404461
2019-05-01,422.07178881,411.2895,10.782299063906237,10.782299063906237,2.5546125919256832
2019-05-01,3274.72358086,3380.4546,-105.73100898375014,105.73100898375014,3.2287002665422935
2019-05-01,4121.460763286,4516.3247,-394.86394374525025,394.86394374525025,9.5806794344059
2019-05-01,471.945842825,509.3337,-37.387866891796875,37.387866891796875,7.922067216017516
2019-05-01,13049.274921417751,13042.098,7.177265167751102,7.177265167751102,0.05500125647572242
2019-05-01,1167.110068996,1251.831,-84.72098569149989,84.72098569149989,7.259039909096204
2019-05-01,331.513520524,367.10812,-35.594603255296875,35.594603255296875,10.736998961319888
2019-05-01,5175.462915175,5081.854,93.60891126874958,93.60891126874958,1.8087060578538479
2019-05-01,1026.128077229,1117.3207,-91.19260148193757,91.19260148193757,8.887058399980436
2019-05-01,7506.407781278,7539.01,-32.601984347000325,32.601984347000325,0.43432205253109357
2019-05-01,12494.012781715,12809.199,-315.18643703499947,315.18643703499947,2.5226998126356577
2019-05-01,451.141871514,676.0368,-224.89493268521875,224.89493268521875,49.85015731979995
2019-05-01,13049.274921417751,13042.098,7.177265167751102,7.177265167751102,0.05500125647572242
2019-05-01,3154.132683684,3237.436,-83.30335147225014,83.30335147225014,2.6410858332995852
2019-05-01,190.895551174,209.32881,-18.433260471507822,18.433260471507822,9.656202231086061
2019-05-01,13049.274921417751,13042.098,7.177265167751102,7.177265167751102,0.05500125647572242
2019-05-01,628.39468773,652.25085,-23.856166762187513,23.856166762187513,3.796366714741819
2019-05-01,2724.336161356,2494.9907,229.34543869975005,229.34543869975005,8.418397184347345
2019-05-01,3578.119101727,4073.4617,-495.3425681948752,495.3425681948752,13.843657913896584
2019-06-01,2310.656315322,2851.6033,-540.946956162375,540.946956162375,23.41096564536002
2019-06-01,3581.104687401,4028.8713,-447.76665048962514,447.76665048962514,12.503590081154355
2019-06-01,536.039493813,526.31866,9.720829262218786,9.720829262218786,1.8134539291259653
2019-06-01,4326.592473838,4717.175,-390.58233084950007,390.58233084950007,9.027481400461674
2019-06-01,1611.960844302,1603.0461,8.914701723874941,8.914701723874941,0.5530346320375494
2019-06-01,854.560193543,824.30096,30.25922918753122,30.25922918753122,3.5409125555072594
2019-06-01,392.769311484,456.6791,-63.90979618201561,63.90979618201561,16.271585970030415
2019-06-01,13049.274921417751,13037.096,12.179218292751102,12.179218292751102,0.09333252894198261
2019-06-01,609.291869071,742.91425,-133.6223765344688,133.6223765344688,21.930766405631775
2019-06-01,2634.544284612,2422.6707,211.87363031512496,211.87363031512496,8.042135846895754
2019-06-01,1071.877242704,1021.74713,50.13011135634383,50.13011135634383,4.676851915419134
2019-06-01,480.042978314,519.34906,-39.30608174459377,39.30608174459377,8.188033888683055
2019-06-01,385.64425929,529.6797,-144.03542821000002,144.03542821000002,37.34929918966771
2019-06-01,6718.309249127,6954.723,-236.41389540425007,236.41389540425007,3.5189492867564933
2019-06-01,4257.257856058,4481.923,-224.66499550450044,224.66499550450044,5.277223111698679
2019-06-01,13049.274921417751,13055.9,-6.625469207248898,6.625469207248898,0.05077269999403972
2019-06-01,3460.945228371,3576.051,-115.10579701962479,115.10579701962479,3.325848559406496
2019-06-01,334.735235744,338.90582,-4.170587009906228,4.170587009906228,1.2459360606708951
2019-06-01,3540.926786096,4267.607,-726.6801474977501,726.6801474977501,20.52231495864791
2019-06-01,1618.127730056,1677.1461,-59.01838810806248,59.01838810806248,3.6473256722459095
2019-06-01,4239.624491465,3718.2712,521.3532512306247,521.3532512306247,12.297156323164634
2019-06-01,13049.274921417751,13055.9,-6.625469207248898,6.625469207248898,0.05077269999403972
2019-06-01,3770.089404467,3937.5376,-167.4481931892501,167.4481931892501,4.441491307629168
2019-06-01,13049.274921417751,13055.9,-6.625469207248898,6.625469207248898,0.05077269999403972
2019-06-01,1212.663636017,1101.0824,111.58123855606254,111.58123855606254,9.20133458627915
2019-06-01,1110.189768989,1090.9395,19.25031586399996,19.25031586399996,1.733966246286917
2019-06-01,13049.274921417751,13055.9,-6.625469207248898,6.625469207248898,0.05077269999403972
2019-06-01,692.935588937,635.4482,57.487407784656284,57.487407784656284,8.296212332353289
2019-06-01,5242.118948891,5060.3003,181.8186559222504,181.8186559222504,3.4684191201101062
2019-06-01,8181.158048922,8540.808,-359.6495682655004,359.6495682655004,4.396071633317121
2019-06-01,205.573454594,246.19664,-40.62318542064844,40.62318542064844,19.760910036209555
2019-06-01,10829.441738742,11549.886,-720.4440034455001,720.4440034455001,6.652642128985592
2019-06-01,1925.012056032,2122.054,-197.04189904612508,197.04189904612508,10.23587870157472
2019-06-01,1418.237090611,1403.2615,14.975616001624985,14.975616001624985,1.0559317691496308
2019-06-01,609.778158415,610.9313,-1.1531159990624928,1.1531159990624928,0.189104182094648
2019-06-01,2268.484528417,2307.504,-39.01937783299991,39.01937783299991,1.7200636523727368
2019-06-01,13049.274921417751,12777.071,272.2036323552511,272.2036323552511,2.0859674885727464
2019-06-01,13049.274921417751,13055.9,-6.625469207248898,6.625469207248898,0.05077269999403972
2019-06-01,259.021951433,225.62907,33.39287733632034,33.39287733632034,12.891910184283326
2019-06-01,1148.200266705,1438.455,-290.2546893496874,290.2546893496874,25.279099628032114
2019-06-01,255.724228363,305.1082,-49.383956451453116,49.383956451453116,19.31141087709245
2019-06-01,556.50306937,667.61786,-111.1147895167187,111.1147895167187,19.966608565611025
2019-06-01,130.395634615,129.57358,0.8220567341406309,0.8220567341406309,0.6304327108555411
2019-06-01,6410.0858002,5969.9434,440.14244082500045,440.14244082500045,6.866404827393537
2019-06-01,763.127918226,748.79486,14.33305738615627,14.33305738615627,1.878198535767832
2019-06-01,3940.988206685,4127.9004,-186.91218393999998,186.91218393999998,4.742774505717766
2019-06-01,6800.317815726,7121.4365,-321.11870771150006,321.11870771150006,4.722113236662271
2019-06-01,2839.020765447,3116.609,-277.58812127174997,277.58812127174997,9.777600947841044
2019-06-01,459.318912684,425.2065,34.11240023282812,34.11240023282812,7.426735388162998
2019-06-01,282.432539183,244.61421,37.818327146867205,37.818327146867205,13.390216033982934
2019-06-01,3442.392532393,3483.2012,-40.80863948200022,40.80863948200022,1.1854731585079243
2019-06-01,3147.124335813,3118.1665,28.957831906750016,28.957831906750016,0.9201362519180326
2019-06-01,2524.20875678,2778.4155,-254.20677056375007,254.20677056375007,10.070750681018485
2019-06-01,439.787025239,477.55533,-37.76830313014062,37.76830313014062,8.58786207019537
2019-06-01,1225.358418571,1174.5814,50.7769976725624,50.7769976725624,4.143848599969468
2019-06-01,257.915895986,241.8387,16.077196645179697,16.077196645179697,6.233503593765461
2019-06-01,2229.728896376,2279.5542,-49.82530284274981,49.82530284274981,2.234590174784538
2019-06-01,13049.274921417751,13055.9,-6.625469207248898,6.625469207248898,0.05077269999403972
2019-06-01,814.865323665,922.00836,-107.14303815140624,107.14303815140624,13.148557809468636
2019-06-01,540.923229428,549.43823,-8.515002993874987,8.515002993874987,1.5741610880492574
2019-06-01,418.040712714,445.52573,-27.48501360435938,27.48501360435938,6.574721736053274
2019-06-01,6973.123235338,6501.0684,472.0548759630001,472.0548759630001,6.769633348378916
2019-06-01,211.301208349,244.52785,-33.226638941039056,33.226638941039056,15.724774695163878
2019-06-01,1637.23247353,1559.0298,78.2026883737501,78.2026883737501,4.776517057784655
2019-06-01,1894.745819629,1656.4526,238.29318291024993,238.29318291024993,12.576525064291147
2019-06-01,4845.822159714,4957.0747,-111.25254731724999,111.25254731724999,2.2958446193538413
2019-06-01,517.606674277,528.84375,-11.237075722999975,11.237075722999975,2.1709680885966307
2019-06-01,6771.063973069,6848.5493,-77.48534333725001,77.48534333725001,1.1443599358304337
2019-06-01,761.50920795,722.48987,39.01933978593752,39.01933978593752,5.123948519411664
2019-06-01,173.211604093,190.76556,-17.553959871843745,17.553959871843745,10.134401770460338
2019-06-01,3389.625267316,3197.2717,192.3535388003752,192.3535388003752,5.674772980220498
2019-06-01,762.556007415,860.3411,-97.7851180732813,97.7851180732813,12.823335875979069
2019-06-01,1304.853075986,1528.8063,-223.95319842806248,223.95319842806248,17.16309694551889
2019-06-01,2745.774790179,2984.3452,-238.57042466475013,238.57042466475013,8.688637739630405
2019-06-01,13049.274921417751,13058.19,-8.915508269748898,8.915508269748898,0.068321867103251
2019-06-01,1063.974139627,1159.0314,-95.05723244331239,95.05723244331239,8.9341675613128
2019-06-01,4338.578950726,4459.408,-120.82925239900032,120.82925239900032,2.7849960498882074
2019-06-01,1230.270470774,1512.2144,-281.94388469475007,281.94388469475007,22.917227665992076
2019-06-01,277.032387787,292.3547,-15.32231802354687,15.32231802354687,5.530876063244864
2019-06-01,13049.274921417751,13055.9,-6.625469207248898,6.625469207248898,0.05077269999403972
2019-06-01,13049.274921417751,13055.9,-6.625469207248898,6.625469207248898,0.05077269999403972
2019-06-01,4304.485668663,4606.8105,-302.32487821199993,302.32487821199993,7.0234843714999275
2019-06-01,12180.452308822,11523.944,656.5079728844994,656.5079728844994,5.3898488844212045
2019-06-01,769.338780454,879.7537,-110.41494269053123,110.41494269053123,14.351927329774469
2019-06-01,675.581861047,611.6381,63.94373848840621,63.94373848840621,9.464987468625608
2019-06-01,220.403108852,260.88773,-40.48461697807812,40.48461697807812,18.36844189219827
2019-06-01,6359.505898791,6700.3413,-340.8354098027503,340.8354098027503,5.359463694617316
2019-06-01,13049.274921417751,13055.9,-6.625469207248898,6.625469207248898,0.05077269999403972
2019-06-01,6245.90392552,5902.4634,343.4405466137496,343.4405466137496,5.4986524081885655
2019-06-01,2538.07923429,2342.705,195.37415616499993,195.37415616499993,7.697716979259464
2019-06-01,5090.28832093,4807.053,283.2350982737498,283.2350982737498,5.564225057923684
2019-06-01,3020.460532884,2591.477,428.9834821027498,428.9834821027498,14.202585249248308
2019-06-01,13049.274921417751,13055.9,-6.625469207248898,6.625469207248898,0.05077269999403972
2019-06-01,224.318749951,217.16856,7.150186108226563,7.150186108226563,3.1875115699371737
2019-06-01,5631.460075868,5539.061,92.39904071174988,92.39904071174988,1.640765262772604
2019-06-01,521.457901298,451.10605,70.35185271401565,70.35185271401565,13.491377259582716
2019-06-01,8304.831619828,7827.68,477.15144404675084,477.15144404675084,5.745468010543879
2019-06-01,5590.167118337,5776.583,-186.41588947550008,186.41588947550008,3.3347104930729925
2019-06-01,134.825824186,147.75568,-12.929852083531244,12.929852083531244,9.590041196925128
2019-06-01,8342.824887102,8124.489,218.3361175707505,218.3361175707505,2.6170526233661926
2019-06-01,972.11250894,1113.8159,-141.70340902875,141.70340902875,14.576852753727513
2019-06-01,1902.749314941,1850.1523,52.596971190999966,52.596971190999966,2.7642617331664043
2019-06-01,3277.549422414,3463.4722,-185.92274555474978,185.92274555474978,5.672614554132729
2019-06-01,339.269600946,348.36728,-9.09767810673435,9.09767810673435,2.68154826762165
2019-06-01,2759.942748137,3064.3972,-304.45446865987515,304.45446865987515,11.031187834073233
2019-06-01,4181.448189868,3920.4111,261.03705705549964,261.03705705549964,6.242742829817057
2019-06-01,11386.010795037,11012.8125,373.1982950370002,373.1982950370002,3.2776913859915893
2019-06-01,1219.163958582,1068.0818,151.08217147262508,151.08217147262508,12.392276724481551
2019-06-01,5766.752385538,5328.2935,438.45892850675045,438.45892850675045,7.6032210019339175
2019-06-01,6562.279627278,7085.3887,-523.1090445970003,523.1090445970003,7.971453127698908
2019-06-01,7664.358974777,8489.968,-825.6087986604998,825.6087986604998,10.77205284065549
2019-06-01,2466.578304406,2435.4753,31.102962609124916,31.102962609124916,1.2609760879501093
2019-06-01,217.177449953,223.65578,-6.478327024539055,6.478327024539055,2.9829648639585042
2019-06-01,467.714463359,500.76434,-33.04987990271877,33.04987990271877,7.066251418731717
2019-06-01,1192.460699954,1226.388,-33.92723949912511,33.92723949912511,2.8451452949714717
2019-06-01,1548.433988921,1594.0929,-45.65890658681246,45.65890658681246,2.948715083335848
2019-06-01,2278.698874927,2044.675,234.0238260988749,234.0238260988749,10.270063704945308
2019-06-01,2953.776354924,2534.876,418.90037836149986,418.90037836149986,14.181858340872191
2019-06-01,717.404504503,713.9508,3.4536988389374983,3.4536988389374983,0.4814158284843967
2019-06-01,13049.274921417751,13055.9,-6.625469207248898,6.625469207248898,0.05077269999403972
2019-06-01,13049.274921417751,13055.9,-6.625469207248898,6.625469207248898,0.05077269999403972
2019-06-01,345.183258413,332.252,12.931244252843726,12.931244252843726,3.746196820870128
2019-06-01,13049.274921417751,12884.883,164.3921089177511,164.3921089177511,1.2597796422231446
2019-06-01,6053.659468566,5932.543,121.11649981600021,121.11649981600021,2.0007154423684566
2019-06-01,319.453261181,343.4875,-24.034226611968734,24.034226611968734,7.5235502442878825
2019-06-01,1850.898920597,1843.713,7.185907901687415,7.185907901687415,0.38823880773400793
2019-06-01,5034.033713109,5253.985,-219.95115017224998,219.95115017224998,4.369282422552728
2019-06-01,3527.163086338,4337.9814,-810.8183589744999,810.8183589744999,22.98783297305128
2019-06-01,172.97735159,210.61446,-37.6371045867578,37.6371045867578,21.758400299691974
2019-06-01,541.106099098,503.53207,37.574025123390584,37.574025123390584,6.943929330315224
2019-06-01,13049.274921417751,13056.567,-7.292461394748898,7.292461394748898,0.05588403523309785
2019-06-01,2392.726519391,2733.2454,-340.5188419371252,340.5188419371252,14.23141504795937
2019-06-01,446.101796351,398.8328,47.269002161546894,47.269002161546894,10.596012512882796
2019-06-01,5562.187478648,5378.751,183.43650208550025,183.43650208550025,3.297920158025456
2019-06-01,471.899157718,485.2554,-13.356243893328099,13.356243893328099,2.830317383467252
2019-06-01,332.740567045,369.16702,-36.42645566007815,36.42645566007815,10.947404454940362
2019-06-01,13049.274921417751,13044.368,4.906757355251102,4.906757355251102,0.03760176243354066
2019-06-01,13049.274921417751,13055.9,-6.625469207248898,6.625469207248898,0.05077269999403972
2019-06-01,2612.408128548,2549.025,63.38322620425015,63.38322620425015,2.426237520531645
2019-06-01,13049.274921417751,13055.9,-6.625469207248898,6.625469207248898,0.05077269999403972
2019-06-01,1102.079347499,1270.6637,-168.58434879006245,168.58434879006245,15.296933852597705
2019-06-01,1416.779449904,1488.2986,-71.5191340803749,71.5191340803749,5.048007584047113
2019-06-01,1793.832654148,1980.7513,-186.91868862543743,186.91868862543743,10.420073923462859
2019-06-01,4065.207128363,3932.7998,132.4073236754998,132.4073236754998,3.2570867730623685
2019-06-01,843.571030775,818.67426,24.896775403906304,24.896775403906304,2.9513549535992603
2019-06-01,302.071250675,354.23056,-52.15930962773439,52.15930962773439,17.267220733909845
2019-06-01,1007.327889823,1032.6016,-25.273672677000036,25.273672677000036,2.508981726043636
2019-06-01,727.219309818,796.5309,-69.31157397106244,69.31157397106244,9.531041466488139
2019-06-01,6569.19720462,6293.7144,275.48284915124987,275.48284915124987,4.193554258920827
2019-07-01,563.354700237,520.95917,42.395532756531225,42.395532756531225,7.5255487774745955
2019-07-01,1645.748903057,1482.1189,163.630006572625,163.630006572625,9.942586397516665
2019-07-01,158.127862164,157.75386,0.3740016903671801,0.3740016903671801,0.23651852700018783
2019-07-01,787.847087424,703.0498,84.79728273650005,84.79728273650005,10.763165097653554
2019-07-01,1972.908441007,1908.883,64.02538436637496,64.02538436637496,3.245228366182848
2019-07-01,516.355378687,456.71225,59.64312893114061,59.64312893114061,11.550790674980957
2019-07-01,428.280139792,488.64874,-60.36860288378125,60.36860288378125,14.09558774149557
2019-07-01,4156.624805466,3901.6216,255.00322343475,255.00322343475,6.134862667889062
2019-07-01,9526.637290109,8794.638,731.9995947964999,731.9995947964999,7.683714331776819
2019-07-01,253.924229718,265.4665,-11.542261981218758,11.542261981218758,4.545553606301069
2019-07-01,13049.274921417751,13062.278,-13.003398894748898,13.003398894748898,0.09964844003252965
2019-07-01,6042.858008898,5102.701,940.1568370229998,940.1568370229998,15.558148737544977
2019-07-01,4475.352680872,4307.0625,168.29018087199984,168.29018087199984,3.760378072353604
2019-07-01,5497.002697227,5491.605,5.397716758249771,5.397716758249771,0.0981938168044321
2019-07-01,671.420338407,567.7228,103.69756008668753,103.69756008668753,15.444506839444053
2019-07-01,987.769988287,962.5364,25.233611333875047,25.233611333875047,2.5546039698609806
2019-07-01,4414.818096382,4600.421,-185.60280205550043,185.60280205550043,4.204087190083875
2019-07-01,7904.786730336,7498.5083,406.2784295547499,406.2784295547499,5.139650738401144
2019-07-01,7074.841155978,6359.5044,715.3367614467497,715.3367614467497,10.110993952737928
2019-07-01,2502.444239865,2257.9016,244.54262853687487,244.54262853687487,9.772150949108353
2019-07-01,8783.537181474,7250.4717,1533.0655017864992,1533.0655017864992,17.453851109323015
2019-07-01,2307.90609561,2148.9915,158.9146405318752,158.9146405318752,6.885663192023098
2019-07-01,3853.706983962,3435.1692,418.53779450887487,418.53779450887487,10.860654332327462
2019-07-01,329.953647653,339.36215,-9.408504446609356,9.408504446609356,2.851462474663693
2019-07-01,2806.488574972,2673.9382,132.55034255012515,132.55034255012515,4.722995979110571
2019-07-01,4201.340389218,3554.3884,646.9519614836254,646.9519614836254,15.398703783771332
2019-07-01,4799.778629239,4571.6284,228.1502112702501,228.1502112702501,4.753348620713849
2019-07-01,5332.415436747,4729.1777,603.2377023720001,603.2377023720001,11.312653890672868
2019-07-01,1904.403388777,1882.9037,21.49970225356242,21.49970225356242,1.1289468596970644
2019-07-01,637.212496266,608.48895,28.723543629281266,28.723543629281266,4.507686807399147
2019-07-01,3240.379464796,3204.3809,35.998605420999866,35.998605420999866,1.11093795686877
2019-07-01,731.551833648,778.8524,-47.300583344187544,47.300583344187544,6.4657869980744405
2019-07-01,7530.799270596,6699.536,831.2631377834996,831.2631377834996,11.038179453662588
2019-07-01,1391.824673339,1281.5787,110.2459379874374,110.2459379874374,7.920964479165067
2019-07-01,1350.136230493,1188.4137,161.72253420393758,161.72253420393758,11.97823823636559
2019-07-01,9350.709681189,8785.498,565.2116343140005,565.2116343140005,6.04458542276259
2019-07-01,1819.910410593,1736.2877,83.62269086643755,83.62269086643755,4.59487952701968
2019-07-01,3137.012665769,2943.47,193.5426950658748,193.5426950658748,6.169649781073811
2019-07-01,2709.597154353,2622.4797,87.11741802487495,87.11741802487495,3.215142807664962
2019-07-01,6529.924083319,5945.4478,584.4763294127497,584.4763294127497,8.95073697573027
2019-07-01,829.945574359,809.49347,20.452105120718784,20.452105120718784,2.464270640459136
2019-07-01,1380.788883264,1252.9395,127.8494301390001,127.8494301390001,9.25915841940885
2019-07-01,5189.110377505,4563.721,625.3891860987496,625.3891860987496,12.051953814854983
2019-07-01,13049.274921417751,13062.278,-13.003398894748898,13.003398894748898,0.09964844003252965
2019-07-01,13049.274921417751,11753.001,1296.273944855251,1296.273944855251,9.933685608291377
2019-07-01,777.715348367,674.67725,103.03810227325005,103.03810227325005,13.248819441406583
2019-07-01,7671.529082373,7085.7974,585.7317190917502,585.7317190917502,7.635136526270828
2019-07-01,13049.274921417751,13062.278,-13.003398894748898,13.003398894748898,0.09964844003252965
2019-07-01,260.554728651,232.16682,28.387904310179692,28.387904310179692,10.89517908853762
2019-07-01,6205.479304329,5438.112,767.3674879227501,767.3674879227501,12.365966435299
2019-07-01,1570.701121415,1575.2004,-4.499318038125011,4.499318038125011,0.28645284432417695
2019-07-01,4885.292734878,4264.559,620.7336528467504,620.7336528467504,12.706171083978079
2019-07-01,13049.274921417751,13062.278,-13.003398894748898,13.003398894748898,0.09964844003252965
2019-07-01,2080.322019573,1928.3542,151.96777152612503,151.96777152612503,7.305011921054291
2019-07-01,804.699372359,891.51276,-86.81338398865626,86.81338398865626,10.788300198887972
2019-07-01,488.637106816,556.5947,-67.95761974649997,67.95761974649997,13.907584749205288
2019-07-01,1347.287355258,1165.9683,181.31909353924993,181.31909353924993,13.458086193091903
2019-07-01,13049.274921417751,13062.945,-13.670391082248898,13.670391082248898,0.10475977527158777
2019-07-01,470.997104998,560.39496,-89.39785349809375,89.39785349809375,18.980552650843443
2019-07-01,6382.187748863,6535.5796,-153.3918409807502,153.3918409807502,2.403436674329696
2019-07-01,13049.274921417751,13062.278,-13.003398894748898,13.003398894748898,0.09964844003252965
2019-07-01,13049.274921417751,12975.101,74.1743354802511,74.1743354802511,0.5684172946537351
2019-07-01,4158.757537648,4113.9927,44.764861866749925,44.764861866749925,1.0763998973613367
2019-07-01,6694.116411145,5821.245,872.8712939574998,872.8712939574998,13.039380260914808
2019-07-01,381.373392056,371.1883,10.18509859896875,10.18509859896875,2.670636916765602
2019-07-01,13049.274921417751,13060.29,-11.015117644748898,11.015117644748898,0.08441172180892446
2019-07-01,313.254631931,310.41116,2.843468600921881,2.843468600921881,0.9077179747970036
2019-07-01,1099.704016417,1047.1859,52.51810333106255,52.51810333106255,4.775658044986902
2019-07-01,1420.438570064,1248.0822,172.35641674368753,172.35641674368753,12.1340282062266
2019-07-01,13049.274921417751,13064.568,-15.293437957248898,15.293437957248898,0.11719760714174092
2019-07-01,586.920913178,589.1199,-2.198959868875022,2.198959868875022,0.3746603365977056
2019-07-01,6995.82617287,5977.2993,1018.5268564637499,1018.5268564637499,14.559064666495347
2019-07-01,6705.615119171,6043.1523,662.4627754209996,662.4627754209996,9.879224555060631
2019-07-01,159.811206177,164.59315,-4.78194873022656,4.78194873022656,2.9922486943314097
2019-07-01,9645.37178939,8444.318,1201.0534300149993,1201.0534300149993,12.452121662496925
2019-07-01,1203.114505654,1076.3922,126.72229373993741,126.72229373993741,10.532853950676337
2019-07-01,558.902033769,543.6442,15.257807694781263,15.257807694781263,2.7299610258866
2019-07-01,4055.515991312,3508.6577,546.8582764682501,546.8582764682501,13.484308227110109
2019-07-01,378.107067236,380.56998,-2.4629095706406474,2.4629095706406474,0.651378877587441
2019-07-01,3468.595078134,3167.272,301.3231054777498,301.3231054777498,8.687180218218282
2019-07-01,13049.274921417751,10954.09,2095.185077667751,2095.185077667751,16.055950160333644
2019-07-01,1255.807561708,1226.3651,29.442449403312594,29.442449403312594,2.344503274312863
2019-07-01,7908.729624826,7303.566,605.16370685725,605.16370685725,7.6518446775270075
2019-07-01,9256.016980084,8377.294,878.7230347714994,878.7230347714994,9.493533089472843
2019-07-01,262.971714036,245.50407,17.467639939320293,17.467639939320293,6.642402588184458
2019-07-01,498.582479363,533.21356,-34.631082648718746,34.631082648718746,6.945908466932931
2019-07-01,13049.274921417751,13062.278,-13.003398894748898,13.003398894748898,0.09964844003252965
2019-07-01,921.856090701,835.7367,86.11939636506247,86.11939636506247,9.34195664960844
2019-07-01,3115.44770607,2660.4963,454.9513681793751,454.9513681793751,14.603081518363092
2019-07-01,188.056055434,192.85835,-4.8022972271328115,4.8022972271328115,2.5536520034145997
2019-07-01,3504.271492804,2876.0276,628.243904913375,628.243904913375,17.927946113863324
2019-07-01,4107.577386512,3552.3762,555.201165808875,555.201165808875,13.516511402365348
2019-07-01,1584.487897711,1463.7059,120.78196509381246,120.78196509381246,7.622776120177238
2019-07-01,1065.25410101,1141.0834,-75.82927301343739,75.82927301343739,7.1184211299014315
2019-07-01,4695.202940481,4045.1519,650.05108501225,650.05108501225,13.845005066930197
2019-07-01,742.227501872,741.33734,0.890160563406198,0.890160563406198,0.11993095933000197
2019-07-01,177.816946172,205.58113,-27.76418480944531,27.76418480944531,15.613913863186795
2019-07-01,11846.203759993,12086.848,-240.64389625699914,240.64389625699914,2.0314009545378724
2019-07-01,742.457314286,670.81104,71.64627912975004,71.64627912975004,9.649885286489528
2019-07-01,330.843618878,278.69586,52.14775706159372,52.14775706159372,15.7620561757981
2019-07-01,7611.848879315,6610.722,1001.12671134625,1001.12671134625,13.152214753852848
2019-07-01,686.470525498,697.50885,-11.038324599656221,11.038324599656221,1.6079823080020033
2019-07-01,1829.49986861,1452.5568,376.9431059146875,376.9431059146875,20.603614812012953
2019-07-01,417.496108689,321.62708,95.86903349368748,95.86903349368748,22.962856778409392
2019-07-01,13049.274921417751,13062.278,-13.003398894748898,13.003398894748898,0.09964844003252965
2019-07-01,881.469524352,779.5407,101.92881390278126,101.92881390278126,11.563509694531165
2019-07-01,13049.274921417751,12927.872,121.4028511052511,121.4028511052511,0.9303417380378187
2019-07-01,301.299462789,245.29126,56.00820302337502,56.00820302337502,18.5888824709248
2019-07-01,678.150964382,590.3123,87.83864748746873,87.83864748746873,12.952668668327593
2019-07-01,2033.522910075,1886.7489,146.77400870781253,146.77400870781253,7.217720930540154
2019-07-01,2673.139983397,2429.0205,244.11947558449992,244.11947558449992,9.13231170461471
2019-07-01,543.454529327,482.40805,61.04647878989067,61.04647878989067,11.233042599808496
2019-07-01,3259.386245361,2741.9211,517.465102782875,517.465102782875,15.876151638038285
2019-07-01,1974.621356702,1679.5452,295.07619068637496,295.07619068637496,14.943431543716784
2019-07-01,3967.6611638,3727.9683,239.69290208124994,239.69290208124994,6.041163602077495
2019-07-01,1528.200405821,1274.7747,253.425747617875,253.425747617875,16.583279696338405
2019-07-01,386.272024005,345.561,40.71101936632812,40.71101936632812,10.539468777526881
2019-07-01,2736.186235402,2680.5784,55.607866261374966,55.607866261374966,2.03231291576193
2019-07-01,13049.274921417751,13062.278,-13.003398894748898,13.003398894748898,0.09964844003252965
2019-07-01,4760.079054511,4343.298,416.7812029485003,416.7812029485003,8.755762208476934
2019-07-01,5578.604427312,5509.974,68.63030621824964,68.63030621824964,1.2302414898293577
2019-07-01,461.674185075,387.31985,74.3543303386719,74.3543303386719,16.105368838544194
2019-07-01,3359.610508895,3242.4158,117.19473741062484,117.19473741062484,3.488342982031302
2019-07-01,357.012259993,287.24313,69.76912644807811,69.76912644807811,19.542501551472235
2019-07-01,13049.274921417751,13062.278,-13.003398894748898,13.003398894748898,0.09964844003252965
2019-07-01,13049.274921417751,13062.278,-13.003398894748898,13.003398894748898,0.09964844003252965
2019-07-01,2635.955222425,2742.1865,-106.2313010124999,106.2313010124999,4.0300874653997445
2019-07-01,7124.415250735,7728.0146,-603.5993977025,603.5993977025,8.472265813537874
2019-07-01,965.913963202,813.3721,152.5418928895,152.5418928895,15.792492778945277
2019-07-01,13049.274921417751,13062.278,-13.003398894748898,13.003398894748898,0.09964844003252965
2019-07-01,1809.217814536,1642.3193,166.8984785985001,166.8984785985001,9.224896928250931
2019-07-01,7422.170631759,7474.958,-52.78737605350034,52.78737605350034,0.711212105898327
2019-07-01,438.082356529,386.74805,51.33430965399998,51.33430965399998,11.71795871003122
2019-07-01,4233.714810011,3777.5027,456.2121244641248,456.2121244641248,10.775693331666321
2019-07-01,3105.008101097,2669.6519,435.3562456282498,435.3562456282498,14.021098543170899
2019-07-01,1375.44461615,1100.2008,275.2438104859375,275.2438104859375,20.011260886415844
2019-07-01,679.944453739,580.20355,99.74090149290623,99.74090149290623,14.668977876712303
2019-07-01,1197.33685686,905.8809,291.45593644984365,291.45593644984365,24.342016599587772
2019-07-01,428.428931271,451.76022,-23.331292117671865,23.331292117671865,5.445778847954085
2019-07-01,13049.274921417751,13048.076,1.1987495427511021,1.1987495427511021,0.00918633065798619
2019-07-01,1529.546537091,1259.3258,270.2207314269374,270.2207314269374,17.666721794608637
2019-07-01,4905.135148418,4156.21,748.9251874805004,748.9251874805004,15.268186600771704
2019-07-01,359.499455017,289.13574,70.3637128295,70.3637128295,19.572689707185408
2019-07-01,13049.274921417751,13062.278,-13.003398894748898,13.003398894748898,0.09964844003252965
2019-07-01,13049.274921417751,13062.278,-13.003398894748898,13.003398894748898,0.09964844003252965
2019-07-01,477.466581729,465.1632,12.303373721187484,12.303373721187484,2.5768031087399996
2019-07-01,238.711806681,238.10194,0.6098627112734505,0.6098627112734505,0.2554807488380472
2019-07-01,2841.890136672,2635.1907,206.69946284387515,206.69946284387515,7.27330941392164
2019-07-01,13049.274921417751,13062.278,-13.003398894748898,13.003398894748898,0.09964844003252965
